Country/Region,WHO Region,Total_Confirmed,Total_Deaths,Peak_Date,Peak_7d_Avg_Cases,Peak_Daily_Cases,Latest_7d_Avg_Cases,Trajectory
US,Americas,4290259,148011,2020-07-22,67317.0,70910,65083.1,Surging
Brazil,Americas,2442375,87618,2020-07-27,46247.0,23284,46247.0,Surging
India,South-East Asia,1480073,33408,2020-07-27,46390.7,44457,46390.7,Surging
Russia,Europe,816680,13334,2020-05-12,10981.9,10899,5781.1,Declining
South Africa,Africa,452529,7067,2020-07-19,12583.7,13449,11271.6,Surging
Mexico,Americas,395489,44022,2020-07-24,6712.4,7573,6584.7,Surging
Peru,Americas,389717,18418,2020-06-02,6916.3,8126,4576.6,Declining
Chile,Americas,347923,9187,2020-06-12,6727.3,6754,2127.7,Declining
United Kingdom,Europe,301708,45844,2020-04-22,4867.9,5505,680.6,Declining
Iran,Eastern Mediterranean,293606,15912,2020-04-02,3008.9,2875,2486.3,Declining
Pakistan,Eastern Mediterranean,274289,5842,2020-06-19,6533.3,6604,1170.4,Declining
Spain,Europe,272421,28752,2020-03-31,8005.4,7967,1083.6,Declining
Saudi Arabia,Eastern Mediterranean,268934,2760,2020-06-20,4417.9,3941,2226.4,Declining
Colombia,Americas,257101,8777,2020-07-22,7608.4,7390,7585.1,Surging
Italy,Europe,246286,35112,2020-03-26,5650.6,6203,237.4,Declining
Turkey,Europe,227019,5630,2020-04-16,4558.7,4801,921.0,Declining
Bangladesh,South-East Asia,226225,2965,2020-07-02,3810.1,4019,2681.7,Declining
France,Europe,220352,30212,2020-04-16,8387.0,12490,904.1,Declining
Germany,Europe,207112,9125,2020-04-02,5836.6,6922,541.0,Declining
Argentina,Americas,167416,3059,2020-07-27,5234.6,4890,5234.6,Surging
Canada,Americas,116458,8944,2020-04-22,1922.0,2261,504.7,Declining
Iraq,Eastern Mediterranean,112585,4458,2020-07-27,2556.0,2553,2556.0,Surging
Qatar,Eastern Mediterranean,109597,165,2020-06-03,1887.6,1901,365.7,Declining
Indonesia,South-East Asia,100303,4838,2020-07-25,1772.0,1868,1727.0,Surging
Egypt,Eastern Mediterranean,92482,4652,2020-06-16,1575.3,1567,582.9,Declining
China,Western Pacific,86783,4656,2020-02-14,4606.9,6463,165.9,Declining
Kazakhstan,Europe,84648,585,2020-07-07,4107.3,1376,1597.1,Declining
Philippines,Western Pacific,82040,1945,2020-07-24,1920.4,2054,1877.4,Surging
Ecuador,Americas,81161,5532,2020-04-24,2038.4,11536,934.4,Declining
Sweden,Europe,79395,5700,2020-06-29,1247.9,2530,192.4,Declining
Oman,Eastern Mediterranean,77058,393,2020-07-15,1577.1,1679,1236.9,Declining
Bolivia,Americas,71181,2647,2020-07-22,1702.4,1778,1455.7,Surging
Belarus,Europe,67251,538,2020-05-17,953.9,969,148.3,Declining
Ukraine,Europe,67096,1636,2020-06-28,927.9,924,904.1,Surging
Belgium,Europe,66428,9822,2020-04-15,1452.9,2454,333.4,Declining
Kuwait,Eastern Mediterranean,64379,438,2020-05-22,957.7,955,659.4,Declining
Dominican Republic,Americas,64156,1083,2020-07-27,1457.1,1248,1457.1,Surging
Israel,Europe,63985,474,2020-07-24,1716.6,1493,1711.7,Surging
Panama,Americas,61442,1322,2020-07-16,1165.3,1130,1002.3,Surging
United Arab Emirates,Eastern Mediterranean,59177,345,2020-05-24,875.3,781,283.4,Declining
Netherlands,Europe,53413,6160,2020-04-14,1124.3,870,183.0,Declining
Singapore,Western Pacific,50838,27,2020-04-26,1005.1,931,400.4,Declining
Portugal,Europe,50299,1719,2020-04-03,802.6,852,218.3,Declining
